tr|A0M8W9|A0M8W9_HUMAN,0.086092715,0.072847682,0.013245033,0.039735099,0.01986755,0.086092715,0.033112583,0.052980132,0.01986755,0.01986755,0.139072848,0.026490066,0.026490066,0.046357616,0.059602649,0.105960265,0.033112583,0.01986755,0.026490066,0.072847682,8
tr|C0HA43|C0HA43_SALSA,0.062893082,0.025157233,0.056603774,0.037735849,0.018867925,0.06918239,0.037735849,0.062893082,0.044025157,0.025157233,0.144654088,0.062893082,0.037735849,0.037735849,0.025157233,0.062893082,0.062893082,0.018867925,0.025157233,0.081761006,8
tr|Q6EV98|Q6EV98_CAVPO,0.079470199,0.072847682,0.013245033,0.039735099,0.013245033,0.086092715,0.033112583,0.066225166,0.01986755,0.026490066,0.139072848,0.033112583,0.026490066,0.046357616,0.059602649,0.092715232,0.033112583,0.01986755,0.026490066,0.072847682,8
tr|A0A0C5DK17|A0A0C5DK17_9EUCA,0.04784689,0.043062201,0.066985646,0.043062201,0.009569378,0.110047847,0.019138756,0.052631579,0.023923445,0.066985646,0.076555024,0.100478469,0.023923445,0.052631579,0.04784689,0.062200957,0.057416268,0.009569378,0.028708134,0.057416268,8
tr|Q3KN63|Q3KN63_MONDO,0.038461538,0.044871795,0.038461538,0.032051282,0.019230769,0.083333333,0.057692308,0.057692308,0.025641026,0.025641026,0.141025641,0.044871795,0.038461538,0.044871795,0.038461538,0.096153846,0.057692308,0.019230769,0.025641026,0.070512821,8
tr|Q5ZPR7|Q5ZPR7_MOUSE,0.059602649,0.086092715,0.013245033,0.039735099,0.013245033,0.086092715,0.026490066,0.059602649,0.01986755,0.01986755,0.139072848,0.01986755,0.026490066,0.046357616,0.052980132,0.119205298,0.046357616,0.01986755,0.026490066,0.079470199,8
tr|Q5QSB1|Q5QSB1_CHICK,0.075,0.05625,0.0125,0.05,0.03125,0.0875,0.04375,0.05625,0.025,0.025,0.1375,0.04375,0.03125,0.04375,0.05,0.08125,0.0125,0.01875,0.025,0.09375,8
tr|H9C6G5|H9C6G5_BOSMU,0.072847682,0.059602649,0.013245033,0.039735099,0.01986755,0.092715232,0.039735099,0.066225166,0.01986755,0.01986755,0.145695364,0.026490066,0.026490066,0.046357616,0.059602649,0.099337748,0.033112583,0.01986755,0.026490066,0.072847682,8
tr|H9ETU8|H9ETU8_MACMU,0.086092715,0.072847682,0.013245033,0.039735099,0.01986755,0.086092715,0.033112583,0.046357616,0.01986755,0.01986755,0.139072848,0.026490066,0.026490066,0.046357616,0.059602649,0.112582781,0.033112583,0.01986755,0.026490066,0.072847682,8
tr|A9JIG9|A9JIG9_NANGA,0.079470199,0.079470199,0.013245033,0.033112583,0.013245033,0.086092715,0.033112583,0.059602649,0.01986755,0.01986755,0.139072848,0.01986755,0.026490066,0.046357616,0.059602649,0.112582781,0.039735099,0.01986755,0.026490066,0.072847682,8
tr|U3CXH2|U3CXH2_CALJA,0.072847682,0.066225166,0.013245033,0.039735099,0.013245033,0.086092715,0.033112583,0.052980132,0.01986755,0.01986755,0.145695364,0.026490066,0.026490066,0.046357616,0.059602649,0.105960265,0.039735099,0.01986755,0.033112583,0.079470199,8
tr|Q575T7|Q575T7_XENTR,0.048780488,0.054878049,0.018292683,0.054878049,0.018292683,0.091463415,0.06097561,0.048780488,0.036585366,0.024390244,0.12804878,0.036585366,0.018292683,0.054878049,0.012195122,0.134146341,0.048780488,0.018292683,0.018292683,0.073170732,8
tr|A7U842|A7U842_CHICK,0.075,0.05625,0.01875,0.05,0.03125,0.0875,0.04375,0.0625,0.025,0.025,0.1375,0.0375,0.03125,0.04375,0.05,0.075,0.0125,0.01875,0.025,0.09375,8
tr|K0N585|K0N585_MUSPF,0.072847682,0.072847682,0.013245033,0.046357616,0.01986755,0.086092715,0.033112583,0.052980132,0.01986755,0.01986755,0.139072848,0.033112583,0.033112583,0.046357616,0.059602649,0.099337748,0.033112583,0.01986755,0.026490066,0.072847682,8
tr|A6N8S3|A6N8S3_PANHO,0.072847682,0.066225166,0.013245033,0.039735099,0.01986755,0.092715232,0.033112583,0.059602649,0.01986755,0.01986755,0.145695364,0.026490066,0.026490066,0.046357616,0.059602649,0.099337748,0.039735099,0.01986755,0.026490066,0.072847682,8
tr|K9S0W3|K9S0W3_DISMA,0.06918239,0.025157233,0.044025157,0.056603774,0.018867925,0.075471698,0.044025157,0.062893082,0.031446541,0.018867925,0.150943396,0.056603774,0.031446541,0.037735849,0.031446541,0.088050314,0.044025157,0.018867925,0.018867925,0.075471698,8
tr|K9RZL6|K9RZL6_CHAAC,0.06918239,0.025157233,0.037735849,0.056603774,0.018867925,0.075471698,0.044025157,0.062893082,0.031446541,0.018867925,0.150943396,0.056603774,0.031446541,0.037735849,0.031446541,0.088050314,0.044025157,0.018867925,0.025157233,0.075471698,8
tr|E6ZCC5|E6ZCC5_SPAGO,0.079470199,0.079470199,0.013245033,0.033112583,0.013245033,0.086092715,0.033112583,0.059602649,0.01986755,0.01986755,0.139072848,0.01986755,0.026490066,0.046357616,0.059602649,0.112582781,0.039735099,0.01986755,0.026490066,0.072847682,8
tr|A9JIH1|A9JIH1_SPAJD,0.079470199,0.079470199,0.01986755,0.033112583,0.013245033,0.086092715,0.033112583,0.059602649,0.01986755,0.01986755,0.145695364,0.01986755,0.026490066,0.046357616,0.052980132,0.105960265,0.039735099,0.01986755,0.026490066,0.072847682,8
tr|D2T148|D2T148_PHOSU,0.052980132,0.059602649,0.01986755,0.033112583,0.013245033,0.086092715,0.033112583,0.072847682,0.01986755,0.01986755,0.145695364,0.026490066,0.033112583,0.046357616,0.052980132,0.119205298,0.039735099,0.01986755,0.026490066,0.079470199,8
tr|L0PQJ5|L0PQJ5_SYMRO,0.058441558,0.019480519,0.019480519,0.045454545,0.012987013,0.103896104,0.051948052,0.045454545,0.025974026,0.045454545,0.084415584,0.11038961,0.045454545,0.038961039,0.038961039,0.077922078,0.051948052,0.019480519,0.012987013,0.090909091,8
tr|D3UBW1|D3UBW1_CYSCR,0.079470199,0.066225166,0.013245033,0.046357616,0.01986755,0.086092715,0.026490066,0.052980132,0.01986755,0.01986755,0.139072848,0.039735099,0.026490066,0.046357616,0.059602649,0.099337748,0.033112583,0.01986755,0.026490066,0.079470199,8
tr|K0N035|K0N035_PAGGO,0.072847682,0.066225166,0.013245033,0.046357616,0.01986755,0.086092715,0.033112583,0.052980132,0.01986755,0.01986755,0.139072848,0.039735099,0.026490066,0.046357616,0.059602649,0.099337748,0.033112583,0.01986755,0.026490066,0.079470199,8
tr|K0MZR7|K0MZR7_PHOPH,0.072847682,0.072847682,0.013245033,0.052980132,0.01986755,0.086092715,0.033112583,0.052980132,0.01986755,0.01986755,0.139072848,0.026490066,0.033112583,0.046357616,0.059602649,0.105960265,0.026490066,0.01986755,0.026490066,0.072847682,8
tr|U6CWP0|U6CWP0_NEOVI,0.072847682,0.066225166,0.013245033,0.052980132,0.01986755,0.079470199,0.033112583,0.052980132,0.01986755,0.01986755,0.139072848,0.033112583,0.033112583,0.046357616,0.059602649,0.105960265,0.033112583,0.01986755,0.026490066,0.072847682,8
tr|K0N2P1|K0N2P1_BALAC,0.072847682,0.072847682,0.013245033,0.052980132,0.01986755,0.086092715,0.033112583,0.052980132,0.01986755,0.01986755,0.139072848,0.026490066,0.033112583,0.046357616,0.052980132,0.112582781,0.026490066,0.01986755,0.026490066,0.072847682,8
tr|C0Z3N5|C0Z3N5_SPACA,0.079470199,0.079470199,0.01986755,0.033112583,0.013245033,0.086092715,0.033112583,0.059602649,0.01986755,0.01986755,0.139072848,0.01986755,0.026490066,0.046357616,0.059602649,0.105960265,0.039735099,0.01986755,0.026490066,0.072847682,8
tr|G5B681|G5B681_HETGA,0.086092715,0.066225166,0.013245033,0.039735099,0.013245033,0.092715232,0.033112583,0.066225166,0.01986755,0.01986755,0.139072848,0.033112583,0.026490066,0.046357616,0.052980132,0.099337748,0.033112583,0.01986755,0.026490066,0.072847682,8
tr|A0A223HGV6|A0A223HGV6_9BRAN,0.127272727,0.072727273,0.036363636,0.078787879,0.012121212,0.048484848,0.012121212,0.060606061,0.018181818,0.054545455,0.090909091,0.072727273,0.042424242,0.036363636,0.042424242,0.036363636,0.054545455,0.012121212,0.024242424,0.066666667,8
tr|A0A131XLT7|A0A131XLT7_9ACAR,0.098484848,0.083333333,0.022727273,0.053030303,0,0.083333333,0.143939394,0.045454545,0.022727273,0.022727273,0.121212121,0.03030303,0.037878788,0.053030303,0.045454545,0.03030303,0.022727273,0.022727273,0.015151515,0.045454545,8
tr|A0A0C5DIH0|A0A0C5DIH0_CHEDE,0.04784689,0.038277512,0.081339713,0.052631579,0.009569378,0.100478469,0.019138756,0.052631579,0.023923445,0.076555024,0.076555024,0.100478469,0.023923445,0.052631579,0.04784689,0.052631579,0.052631579,0.009569378,0.028708134,0.052631579,8
tr|Q3USR6|Q3USR6_MOUSE,0.058064516,0.083870968,0.012903226,0.038709677,0.012903226,0.083870968,0.025806452,0.070967742,0.019354839,0.019354839,0.135483871,0.019354839,0.025806452,0.04516129,0.051612903,0.122580645,0.04516129,0.019354839,0.025806452,0.083870968,8
tr|D3YW07|D3YW07_MOUSE,0.065217391,0.076086957,0.010869565,0.032608696,0.032608696,0.086956522,0.032608696,0.032608696,0.032608696,0.043478261,0.163043478,0.032608696,0.010869565,0.054347826,0.086956522,0.119565217,0.02173913,0.010869565,0.010869565,0.043478261,8
tr|L7MTK4|L7MTK4_SYMRO,0.064935065,0.019480519,0.019480519,0.045454545,0.012987013,0.103896104,0.051948052,0.045454545,0.025974026,0.045454545,0.084415584,0.11038961,0.045454545,0.038961039,0.038961039,0.071428571,0.051948052,0.019480519,0.012987013,0.090909091,8
tr|A0A2B4SMT8|A0A2B4SMT8_STYPI,0.046047583,0.059861857,0.033384497,0.064850345,0.029930929,0.070606293,0.028012279,0.060245587,0.022256332,0.047198772,0.064850345,0.072524942,0.009209517,0.036070606,0.064850345,0.109363008,0.074443592,0.011511896,0.028012279,0.066768995,8
tr|A0A1Q9CTR2|A0A1Q9CTR2_SYMMI,0.092317624,0.054874112,0.021304067,0.059393157,0.023240801,0.047772757,0.042608134,0.074887024,0.036152356,0.033570045,0.098773402,0.039380245,0.021304067,0.04389929,0.062621046,0.080051646,0.04389929,0.019367334,0.023886378,0.080697224,8
tr|A0A0G2JSL1|A0A0G2JSL1_RAT,0.0625,0.085227273,0.011363636,0.039772727,0.022727273,0.085227273,0.028409091,0.056818182,0.028409091,0.017045455,0.130681818,0.017045455,0.028409091,0.039772727,0.056818182,0.119318182,0.045454545,0.022727273,0.022727273,0.079545455,8
tr|F7EB40|F7EB40_XENTR,0.047904192,0.05988024,0.011976048,0.05988024,0.023952096,0.083832335,0.05988024,0.053892216,0.035928144,0.035928144,0.119760479,0.035928144,0.017964072,0.035928144,0.011976048,0.137724551,0.047904192,0.023952096,0.017964072,0.077844311,8
tr|A0A1W5AVW6|A0A1W5AVW6_9TELE,0.06918239,0.044025157,0.056603774,0.056603774,0.006289308,0.075471698,0.025157233,0.06918239,0.018867925,0.018867925,0.13836478,0.056603774,0.044025157,0.037735849,0.031446541,0.088050314,0.018867925,0.018867925,0.031446541,0.094339623,8
tr|A0A2D0RM16|A0A2D0RM16_ICTPU,0.075471698,0.025157233,0.056603774,0.044025157,0.018867925,0.06918239,0.025157233,0.06918239,0.025157233,0.025157233,0.13836478,0.075471698,0.037735849,0.037735849,0.025157233,0.056603774,0.056603774,0.018867925,0.025157233,0.094339623,8
tr|A0A2K5Z3M7|A0A2K5Z3M7_MANLE,0.098591549,0.049295775,0.021126761,0.042253521,0.028169014,0.063380282,0.028169014,0.042253521,0.014084507,0.014084507,0.161971831,0.035211268,0.028169014,0.042253521,0.049295775,0.105633803,0.028169014,0.021126761,0.028169014,0.098591549,8
tr|G1S403|G1S403_NOMLE,0.086092715,0.072847682,0.013245033,0.039735099,0.01986755,0.086092715,0.033112583,0.052980132,0.01986755,0.01986755,0.139072848,0.026490066,0.026490066,0.046357616,0.059602649,0.105960265,0.033112583,0.01986755,0.026490066,0.072847682,8
tr|H2NLW3|H2NLW3_PONAB,0.086092715,0.072847682,0.013245033,0.039735099,0.01986755,0.086092715,0.033112583,0.052980132,0.01986755,0.01986755,0.132450331,0.026490066,0.026490066,0.052980132,0.059602649,0.105960265,0.033112583,0.01986755,0.026490066,0.072847682,8
tr|H0WTN9|H0WTN9_OTOGA,0.072847682,0.066225166,0.013245033,0.046357616,0.01986755,0.079470199,0.052980132,0.046357616,0.01986755,0.01986755,0.139072848,0.026490066,0.026490066,0.046357616,0.059602649,0.105960265,0.039735099,0.01986755,0.026490066,0.072847682,8
tr|A0A087YDQ5|A0A087YDQ5_POEFO,0.0625,0.03125,0.0375,0.06875,0.01875,0.05625,0.0375,0.0625,0.0375,0.025,0.14375,0.05625,0.04375,0.0375,0.025,0.1,0.03125,0.01875,0.025,0.08125,8
tr|W5MYS7|W5MYS7_LEPOC,0.056603774,0.037735849,0.037735849,0.044025157,0.006289308,0.075471698,0.031446541,0.056603774,0.044025157,0.018867925,0.13836478,0.056603774,0.037735849,0.031446541,0.031446541,0.088050314,0.075471698,0.018867925,0.037735849,0.075471698,8
tr|K1QVD6|K1QVD6_CRAGI,0.052325581,0.063953488,0.055232558,0.061046512,0.026162791,0.087209302,0.023255814,0.069767442,0.029069767,0.046511628,0.095930233,0.055232558,0.026162791,0.078488372,0.037790698,0.052325581,0.029069767,0.01744186,0.031976744,0.061046512,8
tr|H2VBJ2|H2VBJ2_TAKRU,0.074534161,0.037267081,0.037267081,0.062111801,0.031055901,0.055900621,0.037267081,0.055900621,0.037267081,0.01863354,0.142857143,0.043478261,0.031055901,0.037267081,0.01863354,0.099378882,0.043478261,0.02484472,0.02484472,0.086956522,8
tr|G3NYG4|G3NYG4_GASAC,0.075471698,0.031446541,0.031446541,0.062893082,0.018867925,0.056603774,0.031446541,0.06918239,0.031446541,0.018867925,0.157232704,0.050314465,0.037735849,0.037735849,0.031446541,0.088050314,0.050314465,0.018867925,0.025157233,0.075471698,8
tr|K7F9V7|K7F9V7_PELSI,0.0625,0.05,0.025,0.05,0.01875,0.08125,0.03125,0.05,0.025,0.025,0.15,0.0625,0.025,0.05,0.025,0.11875,0.0375,0.01875,0.01875,0.075,8
tr|G3QTM7|G3QTM7_GORGO,0.086092715,0.072847682,0.013245033,0.046357616,0.01986755,0.079470199,0.033112583,0.052980132,0.01986755,0.01986755,0.139072848,0.026490066,0.026490066,0.046357616,0.059602649,0.105960265,0.033112583,0.01986755,0.026490066,0.072847682,8
tr|G3W066|G3W066_SARHA,0.044871795,0.044871795,0.044871795,0.032051282,0.019230769,0.083333333,0.057692308,0.057692308,0.025641026,0.025641026,0.141025641,0.044871795,0.038461538,0.044871795,0.038461538,0.096153846,0.044871795,0.019230769,0.025641026,0.070512821,8
tr|A0A162SXS8|A0A162SXS8_9CRUS,0.092307692,0.025641026,0.056410256,0.066666667,0,0.061538462,0.056410256,0.041025641,0.051282051,0.041025641,0.097435897,0.066666667,0.025641026,0.056410256,0.041025641,0.051282051,0.046153846,0.01025641,0.005128205,0.107692308,8
tr|A0A2U9CL82|A0A2U9CL82_SCOMX,0.056603774,0.031446541,0.037735849,0.050314465,0.018867925,0.06918239,0.037735849,0.075471698,0.031446541,0.025157233,0.144654088,0.056603774,0.037735849,0.037735849,0.025157233,0.106918239,0.037735849,0.018867925,0.025157233,0.075471698,8
tr|G1P404|G1P404_MYOLU,0.079470199,0.072847682,0.013245033,0.046357616,0.01986755,0.086092715,0.039735099,0.059602649,0.01986755,0.01986755,0.139072848,0.026490066,0.026490066,0.039735099,0.059602649,0.086092715,0.033112583,0.01986755,0.033112583,0.079470199,8
tr|B7PWQ1|B7PWQ1_IXOSC,0.090225564,0.082706767,0.022556391,0.105263158,0,0.090225564,0.037593985,0.060150376,0.037593985,0.052631579,0.112781955,0.082706767,0.045112782,0.052631579,0.015037594,0.015037594,0.022556391,0.022556391,0.015037594,0.037593985,8
tr|W5NWE8|W5NWE8_SHEEP,0.079470199,0.072847682,0.013245033,0.039735099,0.01986755,0.086092715,0.033112583,0.066225166,0.01986755,0.01986755,0.139072848,0.026490066,0.026490066,0.046357616,0.059602649,0.099337748,0.033112583,0.01986755,0.026490066,0.072847682,8
tr|F1PQB5|F1PQB5_CANLF,0.075862069,0.055172414,0.013793103,0.068965517,0.020689655,0.075862069,0.034482759,0.055172414,0.013793103,0.020689655,0.137931034,0.034482759,0.020689655,0.04137931,0.068965517,0.096551724,0.034482759,0.027586207,0.027586207,0.075862069,8
tr|M3YBU0|M3YBU0_MUSPF,0.072847682,0.072847682,0.013245033,0.052980132,0.01986755,0.079470199,0.033112583,0.052980132,0.01986755,0.01986755,0.139072848,0.033112583,0.033112583,0.046357616,0.059602649,0.099337748,0.033112583,0.01986755,0.026490066,0.072847682,8
tr|A0A2R9C3L3|A0A2R9C3L3_PANPA,0.086092715,0.072847682,0.013245033,0.039735099,0.01986755,0.086092715,0.033112583,0.052980132,0.01986755,0.01986755,0.139072848,0.026490066,0.026490066,0.046357616,0.059602649,0.105960265,0.033112583,0.01986755,0.026490066,0.072847682,8
tr|A0A096NS78|A0A096NS78_PAPAN,0.086092715,0.072847682,0.013245033,0.039735099,0.01986755,0.086092715,0.033112583,0.046357616,0.01986755,0.01986755,0.139072848,0.026490066,0.026490066,0.046357616,0.059602649,0.112582781,0.033112583,0.01986755,0.026490066,0.072847682,8
tr|A0A2K5TLD9|A0A2K5TLD9_MACFA,0.086092715,0.072847682,0.013245033,0.039735099,0.01986755,0.086092715,0.033112583,0.046357616,0.01986755,0.01986755,0.139072848,0.026490066,0.026490066,0.046357616,0.059602649,0.112582781,0.033112583,0.01986755,0.026490066,0.072847682,8
tr|H0ZPW6|H0ZPW6_TAEGU,0.079365079,0.03968254,0.031746032,0.047619048,0.03968254,0.095238095,0.03968254,0.055555556,0.023809524,0.015873016,0.134920635,0.063492063,0.023809524,0.047619048,0.055555556,0.071428571,0.015873016,0.015873016,0.031746032,0.071428571,8
tr|G1LAM5|G1LAM5_AILME,0.082089552,0.052238806,0.014925373,0.052238806,0.02238806,0.074626866,0.044776119,0.059701493,0.02238806,0.014925373,0.149253731,0.029850746,0.02238806,0.052238806,0.052238806,0.089552239,0.044776119,0.014925373,0.029850746,0.074626866,8
tr|J9P2U9|J9P2U9_CANLF,0.065693431,0.051094891,0.02919708,0.058394161,0.02189781,0.058394161,0.03649635,0.065693431,0.01459854,0.02189781,0.138686131,0.03649635,0.02919708,0.051094891,0.051094891,0.087591241,0.051094891,0.02189781,0.03649635,0.072992701,8
tr|G1SPL8|G1SPL8_RABIT,0.077419355,0.070967742,0.012903226,0.04516129,0.019354839,0.090322581,0.038709677,0.064516129,0.019354839,0.019354839,0.129032258,0.032258065,0.025806452,0.051612903,0.051612903,0.096774194,0.032258065,0.019354839,0.025806452,0.077419355,8
tr|F6RQY1|F6RQY1_HORSE,0.072847682,0.079470199,0.013245033,0.046357616,0.01986755,0.086092715,0.026490066,0.059602649,0.01986755,0.01986755,0.139072848,0.026490066,0.026490066,0.046357616,0.052980132,0.105960265,0.026490066,0.01986755,0.026490066,0.086092715,8
tr|G1KTL1|G1KTL1_ANOCA,0.075,0.025,0.04375,0.025,0.03125,0.08125,0.05,0.05,0.0375,0.01875,0.125,0.05625,0.04375,0.05,0.04375,0.08125,0.0375,0.01875,0.025,0.08125,8
tr|A0A0R4ILZ6|A0A0R4ILZ6_DANRE,0.061349693,0.030674847,0.042944785,0.049079755,0.012269939,0.061349693,0.030674847,0.061349693,0.036809816,0.024539877,0.153374233,0.055214724,0.030674847,0.036809816,0.030674847,0.098159509,0.061349693,0.018404908,0.030674847,0.073619632,8
tr|A0A0D9RHD9|A0A0D9RHD9_CHLSB,0.086092715,0.072847682,0.013245033,0.039735099,0.01986755,0.086092715,0.033112583,0.046357616,0.01986755,0.01986755,0.139072848,0.026490066,0.026490066,0.046357616,0.059602649,0.112582781,0.033112583,0.01986755,0.026490066,0.072847682,8
tr|U3KE69|U3KE69_FICAL,0.0625,0.05625,0.01875,0.0375,0.05625,0.0875,0.04375,0.05,0.025,0.0125,0.15,0.0625,0.01875,0.0375,0.05625,0.08125,0.01875,0.01875,0.025,0.08125,8
tr|U3J239|U3J239_ANAPL,0.090322581,0.032258065,0.019354839,0.04516129,0.04516129,0.090322581,0.032258065,0.051612903,0.025806452,0.012903226,0.167741935,0.058064516,0.025806452,0.04516129,0.058064516,0.070967742,0.019354839,0.019354839,0.025806452,0.064516129,8
tr|A0A287B6B7|A0A287B6B7_PIG,0.055944056,0.076923077,0.013986014,0.041958042,0.013986014,0.06993007,0.020979021,0.055944056,0.048951049,0.020979021,0.13986014,0.034965035,0.013986014,0.048951049,0.111888112,0.104895105,0.020979021,0.006993007,0.020979021,0.076923077,8
tr|K1RX51|K1RX51_CRAGI,0.048780488,0.036585366,0.052845528,0.073170732,0.008130081,0.089430894,0.040650407,0.044715447,0.028455285,0.052845528,0.073170732,0.097560976,0.016260163,0.044715447,0.040650407,0.081300813,0.081300813,0.004065041,0.036585366,0.048780488,8
tr|A0A337S4I4|A0A337S4I4_FELCA,0.072847682,0.066225166,0.013245033,0.046357616,0.01986755,0.086092715,0.033112583,0.059602649,0.01986755,0.01986755,0.125827815,0.033112583,0.033112583,0.059602649,0.059602649,0.099337748,0.033112583,0.01986755,0.026490066,0.072847682,8
tr|L9JH16|L9JH16_TUPCH,0.090909091,0.082251082,0.017316017,0.03030303,0.017316017,0.082251082,0.043290043,0.090909091,0.017316017,0.017316017,0.138528139,0.021645022,0.021645022,0.043290043,0.069264069,0.095238095,0.025974026,0.021645022,0.021645022,0.051948052,8
tr|E0VLE5|E0VLE5_PEDHC,0.03968254,0.03968254,0.047619048,0.055555556,0,0.111111111,0.055555556,0.047619048,0.023809524,0.071428571,0.111111111,0.079365079,0.03968254,0.063492063,0.023809524,0.03968254,0.063492063,0,0.047619048,0.03968254,8
tr|A0A151M5K7|A0A151M5K7_ALLMI,0.061111111,0.044444444,0.022222222,0.066666667,0.038888889,0.077777778,0.055555556,0.055555556,0.022222222,0.027777778,0.127777778,0.05,0.038888889,0.044444444,0.038888889,0.1,0.033333333,0.016666667,0.022222222,0.055555556,8
tr|A0A2K6M2U7|A0A2K6M2U7_RHIBE,0.086092715,0.079470199,0.01986755,0.033112583,0.01986755,0.086092715,0.033112583,0.039735099,0.01986755,0.01986755,0.139072848,0.026490066,0.026490066,0.046357616,0.059602649,0.112582781,0.033112583,0.01986755,0.026490066,0.072847682,8
tr|A0A2K6RSJ5|A0A2K6RSJ5_RHIRO,0.086092715,0.079470199,0.01986755,0.033112583,0.01986755,0.086092715,0.033112583,0.039735099,0.01986755,0.01986755,0.139072848,0.026490066,0.026490066,0.046357616,0.059602649,0.112582781,0.033112583,0.01986755,0.026490066,0.072847682,8
tr|F6RIV9|F6RIV9_ORNAN,0.057692308,0.070512821,0.032051282,0.044871795,0.019230769,0.083333333,0.019230769,0.064102564,0.032051282,0.038461538,0.147435897,0.032051282,0.038461538,0.051282051,0.051282051,0.096153846,0.038461538,0.019230769,0.019230769,0.044871795,8
tr|A0A1A8VAQ2|A0A1A8VAQ2_NOTFU,0.076433121,0.025477707,0.038216561,0.063694268,0.01910828,0.050955414,0.038216561,0.057324841,0.031847134,0.01910828,0.146496815,0.070063694,0.038216561,0.038216561,0.025477707,0.108280255,0.025477707,0.01910828,0.025477707,0.082802548,8
tr|A0A2K6D7B4|A0A2K6D7B4_MACNE,0.086092715,0.072847682,0.013245033,0.039735099,0.01986755,0.086092715,0.033112583,0.046357616,0.01986755,0.01986755,0.139072848,0.026490066,0.026490066,0.046357616,0.059602649,0.112582781,0.033112583,0.01986755,0.026490066,0.072847682,8
tr|G3SRG5|G3SRG5_LOXAF,0.064516129,0.058064516,0.019354839,0.04516129,0.019354839,0.077419355,0.038709677,0.064516129,0.025806452,0.019354839,0.135483871,0.038709677,0.025806452,0.04516129,0.04516129,0.096774194,0.038709677,0.019354839,0.025806452,0.096774194,8
tr|A0A2K5LQU4|A0A2K5LQU4_CERAT,0.086092715,0.072847682,0.013245033,0.039735099,0.01986755,0.086092715,0.033112583,0.046357616,0.01986755,0.01986755,0.139072848,0.026490066,0.026490066,0.046357616,0.059602649,0.112582781,0.033112583,0.01986755,0.026490066,0.072847682,8
tr|A0A2K5PS41|A0A2K5PS41_CEBCA,0.086092715,0.072847682,0.013245033,0.039735099,0.01986755,0.086092715,0.033112583,0.052980132,0.01986755,0.01986755,0.139072848,0.026490066,0.026490066,0.046357616,0.059602649,0.105960265,0.033112583,0.01986755,0.026490066,0.072847682,8
tr|M4QSS5|M4QSS5_CYPCA,0.056603774,0.031446541,0.037735849,0.037735849,0.012578616,0.06918239,0.025157233,0.062893082,0.037735849,0.025157233,0.157232704,0.062893082,0.031446541,0.037735849,0.037735849,0.094339623,0.062893082,0.018867925,0.025157233,0.075471698,8
tr|A0A1U7SSX2|A0A1U7SSX2_ALLSI,0.06875,0.0375,0.025,0.05625,0.0375,0.0875,0.05,0.05,0.025,0.03125,0.14375,0.05,0.0375,0.04375,0.03125,0.09375,0.03125,0.01875,0.025,0.05625,8
tr|A0A1S3SQ08|A0A1S3SQ08_SALSA,0.050314465,0.025157233,0.050314465,0.050314465,0.018867925,0.062893082,0.031446541,0.06918239,0.050314465,0.018867925,0.144654088,0.062893082,0.037735849,0.037735849,0.031446541,0.075471698,0.056603774,0.018867925,0.025157233,0.081761006,8
tr|G1NJL7|G1NJL7_MELGA,0.080808081,0.03030303,0.01010101,0.050505051,0.03030303,0.101010101,0.02020202,0.060606061,0.03030303,0.03030303,0.131313131,0.070707071,0.03030303,0.03030303,0.04040404,0.070707071,0.01010101,0.02020202,0.03030303,0.121212121,8
tr|A0A2K5CJJ7|A0A2K5CJJ7_AOTNA,0.072847682,0.066225166,0.013245033,0.039735099,0.01986755,0.086092715,0.033112583,0.052980132,0.01986755,0.01986755,0.139072848,0.026490066,0.026490066,0.046357616,0.066225166,0.105960265,0.039735099,0.01986755,0.026490066,0.079470199,8
tr|A0A2K6G8J5|A0A2K6G8J5_PROCO,0.079470199,0.072847682,0.013245033,0.039735099,0.01986755,0.086092715,0.039735099,0.052980132,0.01986755,0.01986755,0.139072848,0.026490066,0.026490066,0.046357616,0.059602649,0.105960265,0.033112583,0.01986755,0.026490066,0.072847682,8
tr|A0A2I4BLA3|A0A2I4BLA3_9TELE,0.068322981,0.02484472,0.037267081,0.068322981,0.01863354,0.074534161,0.037267081,0.055900621,0.031055901,0.031055901,0.136645963,0.068322981,0.037267081,0.043478261,0.031055901,0.093167702,0.031055901,0.01863354,0.01863354,0.074534161,8
tr|A0A2I4BLA0|A0A2I4BLA0_9TELE,0.067961165,0.033980583,0.029126214,0.053398058,0.029126214,0.087378641,0.029126214,0.063106796,0.029126214,0.024271845,0.121359223,0.053398058,0.033980583,0.048543689,0.048543689,0.101941748,0.029126214,0.014563107,0.014563107,0.087378641,8
tr|A0A2U3VVE3|A0A2U3VVE3_ODORO,0.072847682,0.066225166,0.013245033,0.046357616,0.01986755,0.086092715,0.033112583,0.059602649,0.01986755,0.01986755,0.145695364,0.033112583,0.026490066,0.046357616,0.046357616,0.105960265,0.033112583,0.01986755,0.026490066,0.079470199,8
tr|A0A384D266|A0A384D266_URSMA,0.083333333,0.046296296,0.009259259,0.046296296,0.018518519,0.083333333,0.027777778,0.074074074,0.018518519,0.018518519,0.12037037,0.037037037,0.037037037,0.037037037,0.037037037,0.12037037,0.037037037,0.018518519,0.027777778,0.101851852,8
tr|A0A340XLD9|A0A340XLD9_LIPVE,0.072847682,0.072847682,0.013245033,0.052980132,0.01986755,0.086092715,0.033112583,0.052980132,0.01986755,0.01986755,0.139072848,0.026490066,0.033112583,0.046357616,0.059602649,0.105960265,0.026490066,0.01986755,0.026490066,0.072847682,8
tr|A0A384AB71|A0A384AB71_BALAS,0.072847682,0.072847682,0.013245033,0.052980132,0.01986755,0.086092715,0.033112583,0.052980132,0.01986755,0.01986755,0.139072848,0.026490066,0.033112583,0.046357616,0.052980132,0.112582781,0.026490066,0.01986755,0.026490066,0.072847682,8
tr|A0A2Y9DAM2|A0A2Y9DAM2_TRIMA,0.066225166,0.066225166,0.01986755,0.046357616,0.01986755,0.079470199,0.039735099,0.052980132,0.026490066,0.01986755,0.139072848,0.033112583,0.033112583,0.046357616,0.046357616,0.099337748,0.026490066,0.01986755,0.026490066,0.092715232,8
tr|A0A1U7QZ21|A0A1U7QZ21_MESAU,0.068571429,0.068571429,0.011428571,0.034285714,0.017142857,0.091428571,0.028571429,0.057142857,0.028571429,0.022857143,0.131428571,0.028571429,0.028571429,0.04,0.074285714,0.114285714,0.04,0.017142857,0.022857143,0.074285714,8
tr|A0A1S3F094|A0A1S3F094_DIPOR,0.094674556,0.071005917,0.01183432,0.047337278,0.017751479,0.071005917,0.047337278,0.071005917,0.023668639,0.017751479,0.124260355,0.017751479,0.035502959,0.041420118,0.076923077,0.100591716,0.023668639,0.017751479,0.023668639,0.065088757,8
tr|A0A2Y9EQH7|A0A2Y9EQH7_PHYCD,0.072847682,0.072847682,0.013245033,0.052980132,0.01986755,0.086092715,0.033112583,0.052980132,0.01986755,0.01986755,0.139072848,0.026490066,0.033112583,0.046357616,0.059602649,0.105960265,0.026490066,0.01986755,0.026490066,0.072847682,8
tr|A0A2U3Z3G1|A0A2U3Z3G1_LEPWE,0.079470199,0.059602649,0.013245033,0.046357616,0.01986755,0.079470199,0.033112583,0.052980132,0.01986755,0.01986755,0.145695364,0.039735099,0.026490066,0.046357616,0.059602649,0.099337748,0.033112583,0.01986755,0.026490066,0.079470199,8
tr|A0A1E7FQE1|A0A1E7FQE1_9STRA,0.105590062,0.01863354,0.01863354,0.049689441,0,0.136645963,0.01242236,0.055900621,0.01863354,0.055900621,0.124223602,0.105590062,0.043478261,0.049689441,0.00621118,0.031055901,0.049689441,0.01242236,0.037267081,0.068322981,8
tr|A0A146SPK8|A0A146SPK8_FUNHE,0.125,0.020833333,0.020833333,0.0625,0,0.020833333,0.006944444,0.048611111,0.034722222,0.041666667,0.111111111,0.090277778,0.034722222,0.048611111,0.055555556,0.069444444,0.083333333,0.013888889,0.020833333,0.090277778,8
tr|A0A146P8U7|A0A146P8U7_FUNHE,0.121621622,0.040540541,0.033783784,0.033783784,0.006756757,0.047297297,0.047297297,0.067567568,0.033783784,0.040540541,0.081081081,0.054054054,0.027027027,0.054054054,0.040540541,0.047297297,0.074324324,0.027027027,0.02027027,0.101351351,8
tr|A0A146SG10|A0A146SG10_FUNHE,0.121387283,0.023121387,0.040462428,0.063583815,0.011560694,0.040462428,0.034682081,0.057803468,0.028901734,0.046242775,0.092485549,0.092485549,0.023121387,0.046242775,0.028901734,0.034682081,0.057803468,0.011560694,0.040462428,0.104046243,8
tr|A0A2K6V6J0|A0A2K6V6J0_SAIBB,0.080645161,0.053763441,0.016129032,0.032258065,0.02688172,0.059139785,0.048387097,0.080645161,0.032258065,0.021505376,0.11827957,0.037634409,0.021505376,0.048387097,0.075268817,0.102150538,0.043010753,0.016129032,0.016129032,0.069892473,8
tr|A0A2K5II65|A0A2K5II65_COLAP,0.088235294,0.066176471,0.014705882,0.051470588,0.029411765,0.066176471,0.036764706,0.036764706,0.014705882,0.014705882,0.139705882,0.029411765,0.029411765,0.051470588,0.051470588,0.117647059,0.044117647,0.014705882,0.029411765,0.073529412,8
tr|A0A2B4SEQ9|A0A2B4SEQ9_STYPI,0.078125,0.041666667,0.036458333,0.057291667,0.020833333,0.0625,0.03125,0.036458333,0.03125,0.026041667,0.130208333,0.0625,0.036458333,0.041666667,0.036458333,0.078125,0.078125,0.020833333,0.010416667,0.083333333,8
tr|A0A2B4SMH1|A0A2B4SMH1_STYPI,0.078313253,0.060240964,0.036144578,0.042168675,0.006024096,0.090361446,0.042168675,0.030120482,0.030120482,0.012048193,0.114457831,0.078313253,0.036144578,0.054216867,0.042168675,0.090361446,0.048192771,0.018072289,0.036144578,0.054216867,8
tr|A0A2B4SX20|A0A2B4SX20_STYPI,0.051724138,0.022988506,0.051724138,0.068965517,0.005747126,0.068965517,0.040229885,0.057471264,0.028735632,0.057471264,0.132183908,0.068965517,0.034482759,0.051724138,0.057471264,0.057471264,0.057471264,0.017241379,0.022988506,0.045977011,8
tr|A0A2I0MNV9|A0A2I0MNV9_COLLI,0.090909091,0.042424242,0.018181818,0.042424242,0.042424242,0.090909091,0.036363636,0.066666667,0.03030303,0.012121212,0.133333333,0.060606061,0.024242424,0.036363636,0.060606061,0.078787879,0.024242424,0.024242424,0.024242424,0.060606061,8
tr|A0A1A8D3V1|A0A1A8D3V1_9TELE,0.080882353,0.022058824,0.036764706,0.058823529,0.036764706,0.044117647,0.044117647,0.058823529,0.029411765,0.022058824,0.161764706,0.058823529,0.036764706,0.036764706,0.022058824,0.095588235,0.029411765,0.014705882,0.029411765,0.080882353,8
tr|A0A1A8E811|A0A1A8E811_9TELE,0.076433121,0.025477707,0.038216561,0.063694268,0.01910828,0.050955414,0.038216561,0.057324841,0.031847134,0.01910828,0.146496815,0.070063694,0.038216561,0.038216561,0.025477707,0.108280255,0.025477707,0.01910828,0.025477707,0.082802548,8
tr|A0A1A8P7W1|A0A1A8P7W1_9TELE,0.076433121,0.025477707,0.038216561,0.063694268,0.01910828,0.057324841,0.038216561,0.057324841,0.031847134,0.01910828,0.146496815,0.070063694,0.038216561,0.038216561,0.025477707,0.108280255,0.01910828,0.01910828,0.025477707,0.082802548,8
tr|A0A1A8JWH1|A0A1A8JWH1_NOTKU,0.076433121,0.025477707,0.038216561,0.063694268,0.01910828,0.050955414,0.038216561,0.057324841,0.031847134,0.01910828,0.146496815,0.070063694,0.038216561,0.038216561,0.025477707,0.108280255,0.025477707,0.01910828,0.025477707,0.082802548,8
tr|A0A1A8HM59|A0A1A8HM59_9TELE,0.070063694,0.025477707,0.038216561,0.063694268,0.01910828,0.057324841,0.038216561,0.057324841,0.031847134,0.025477707,0.146496815,0.063694268,0.038216561,0.038216561,0.025477707,0.108280255,0.031847134,0.01910828,0.025477707,0.076433121,8
tr|A0A1A8JCZ8|A0A1A8JCZ8_NOTKU,0.080882353,0.022058824,0.036764706,0.058823529,0.036764706,0.044117647,0.044117647,0.058823529,0.029411765,0.022058824,0.161764706,0.058823529,0.036764706,0.036764706,0.022058824,0.095588235,0.029411765,0.014705882,0.029411765,0.080882353,8
tr|A0A1V4KG06|A0A1V4KG06_PATFA,0.068322981,0.043478261,0.01863354,0.043478261,0.02484472,0.093167702,0.037267081,0.068322981,0.037267081,0.01863354,0.149068323,0.049689441,0.031055901,0.043478261,0.043478261,0.086956522,0.01863354,0.01863354,0.02484472,0.080745342,8
tr|A0A218VE68|A0A218VE68_9PASE,0.068322981,0.043478261,0.02484472,0.037267081,0.031055901,0.086956522,0.049689441,0.068322981,0.02484472,0.01863354,0.149068323,0.049689441,0.031055901,0.043478261,0.049689441,0.086956522,0.01863354,0.01863354,0.02484472,0.074534161,8
tr|A0A2Y9JSI1|A0A2Y9JSI1_ENHLU,0.072847682,0.066225166,0.013245033,0.052980132,0.01986755,0.079470199,0.033112583,0.059602649,0.01986755,0.01986755,0.139072848,0.033112583,0.033112583,0.046357616,0.059602649,0.099337748,0.033112583,0.01986755,0.026490066,0.072847682,8
tr|A0A2Y9NGS0|A0A2Y9NGS0_DELLE,0.072847682,0.072847682,0.013245033,0.052980132,0.01986755,0.086092715,0.033112583,0.052980132,0.01986755,0.01986755,0.139072848,0.026490066,0.033112583,0.046357616,0.059602649,0.105960265,0.026490066,0.01986755,0.026490066,0.072847682,8
tr|I6TEU4|I6TEU4_BOSMU,0.072847682,0.059602649,0.013245033,0.039735099,0.01986755,0.092715232,0.039735099,0.066225166,0.01986755,0.01986755,0.145695364,0.026490066,0.026490066,0.046357616,0.066225166,0.092715232,0.033112583,0.01986755,0.026490066,0.072847682,8
tr|A0A341ASP1|A0A341ASP1_9CETA,0.072847682,0.072847682,0.013245033,0.052980132,0.01986755,0.086092715,0.033112583,0.052980132,0.01986755,0.01986755,0.139072848,0.026490066,0.033112583,0.046357616,0.059602649,0.105960265,0.026490066,0.01986755,0.026490066,0.072847682,8
tr|A0A2Y9G8G0|A0A2Y9G8G0_NEOSC,0.079470199,0.052980132,0.013245033,0.046357616,0.01986755,0.079470199,0.039735099,0.052980132,0.01986755,0.01986755,0.145695364,0.039735099,0.026490066,0.046357616,0.059602649,0.099337748,0.033112583,0.01986755,0.026490066,0.079470199,8
tr|A0A2Y9NDH5|A0A2Y9NDH5_DELLE,0.058536585,0.063414634,0.019512195,0.03902439,0.029268293,0.058536585,0.029268293,0.053658537,0.014634146,0.034146341,0.170731707,0.029268293,0.024390244,0.058536585,0.07804878,0.126829268,0.034146341,0.004878049,0.019512195,0.053658537,8
tr|A0A0B2URR4|A0A0B2URR4_TOXCA,0.08974359,0.102564103,0.047008547,0.05982906,0.021367521,0.05982906,0.034188034,0.021367521,0.02991453,0.068376068,0.094017094,0.047008547,0.042735043,0.051282051,0.021367521,0.055555556,0.042735043,0.017094017,0.017094017,0.076923077,8
tr|A0A2B4SD45|A0A2B4SD45_STYPI,0.059782609,0.043478261,0.065217391,0.027173913,0.016304348,0.076086957,0.016304348,0.048913043,0.027173913,0.032608696,0.119565217,0.081521739,0.038043478,0.048913043,0.027173913,0.086956522,0.081521739,0.027173913,0.010869565,0.065217391,8
tr|A0A2B4SIR3|A0A2B4SIR3_STYPI,0.072727273,0.036363636,0.054545455,0.063636364,0.009090909,0.090909091,0.018181818,0.027272727,0.036363636,0.018181818,0.118181818,0.054545455,0.063636364,0.072727273,0.036363636,0.063636364,0.072727273,0.018181818,0.027272727,0.045454545,8
tr|A0A1A7XXK3|A0A1A7XXK3_9TELE,0.076433121,0.031847134,0.038216561,0.063694268,0.01910828,0.057324841,0.038216561,0.057324841,0.031847134,0.01910828,0.146496815,0.063694268,0.038216561,0.038216561,0.025477707,0.101910828,0.025477707,0.01910828,0.025477707,0.082802548,8
tr|A0A1A8B249|A0A1A8B249_NOTFU,0.080882353,0.022058824,0.036764706,0.058823529,0.036764706,0.044117647,0.044117647,0.058823529,0.029411765,0.022058824,0.161764706,0.058823529,0.036764706,0.036764706,0.022058824,0.095588235,0.029411765,0.014705882,0.029411765,0.080882353,8
tr|A0A1A8R3A3|A0A1A8R3A3_9TELE,0.076433121,0.025477707,0.038216561,0.063694268,0.01910828,0.057324841,0.038216561,0.057324841,0.031847134,0.01910828,0.146496815,0.063694268,0.038216561,0.038216561,0.025477707,0.108280255,0.025477707,0.01910828,0.025477707,0.082802548,8
tr|A0A1A8EXN8|A0A1A8EXN8_9TELE,0.073529412,0.022058824,0.036764706,0.058823529,0.036764706,0.051470588,0.044117647,0.058823529,0.029411765,0.022058824,0.161764706,0.051470588,0.036764706,0.036764706,0.022058824,0.095588235,0.036764706,0.014705882,0.029411765,0.080882353,8
tr|A0A1A8MK29|A0A1A8MK29_9TELE,0.080882353,0.022058824,0.036764706,0.058823529,0.036764706,0.051470588,0.044117647,0.058823529,0.029411765,0.022058824,0.161764706,0.058823529,0.036764706,0.036764706,0.022058824,0.095588235,0.022058824,0.014705882,0.029411765,0.080882353,8
tr|A0A146LSE7|A0A146LSE7_LYGHE,0.059782609,0.027173913,0.032608696,0.038043478,0.005434783,0.114130435,0.02173913,0.081521739,0.016304348,0.054347826,0.125,0.097826087,0.032608696,0.043478261,0.054347826,0.048913043,0.076086957,0.010869565,0.038043478,0.02173913,8
tr|A0A2S2NMV0|A0A2S2NMV0_SCHGA,0.086666667,0.02,0.053333333,0.04,0.006666667,0.053333333,0.046666667,0.04,0.026666667,0.08,0.153333333,0.073333333,0.013333333,0.026666667,0.046666667,0.106666667,0.046666667,0.013333333,0.013333333,0.053333333,8
tr|A0A2H8TJK7|A0A2H8TJK7_9HEMI,0.072164948,0.030927835,0.030927835,0.06185567,0.005154639,0.087628866,0.030927835,0.077319588,0.020618557,0.067010309,0.097938144,0.087628866,0.030927835,0.051546392,0.056701031,0.046391753,0.077319588,0.010309278,0.030927835,0.025773196,8
tr|A0A2H8TXL3|A0A2H8TXL3_9HEMI,0.086666667,0.026666667,0.04,0.06,0.006666667,0.053333333,0.046666667,0.04,0.026666667,0.073333333,0.153333333,0.066666667,0.02,0.026666667,0.04,0.12,0.033333333,0.013333333,0.013333333,0.053333333,8
tr|A0A1A8R380|A0A1A8R380_9TELE,0.070063694,0.025477707,0.038216561,0.063694268,0.01910828,0.057324841,0.038216561,0.057324841,0.031847134,0.01910828,0.146496815,0.063694268,0.038216561,0.038216561,0.025477707,0.108280255,0.031847134,0.01910828,0.025477707,0.082802548,8
tr|A1ZN75|A1ZN75_9BACT,0.071942446,0.028776978,0.079136691,0.043165468,0,0.035971223,0.071942446,0.028776978,0.035971223,0.057553957,0.100719424,0.09352518,0.035971223,0.050359712,0.014388489,0.043165468,0.071942446,0.021582734,0.043165468,0.071942446,8
tr|A0A1S4H8T3|A0A1S4H8T3_ANOGA,0.074418605,0.037209302,0.060465116,0.046511628,0.009302326,0.088372093,0.027906977,0.060465116,0.018604651,0.051162791,0.088372093,0.069767442,0.027906977,0.051162791,0.041860465,0.088372093,0.088372093,0.009302326,0.023255814,0.037209302,8
tr|Q17DQ3|Q17DQ3_AEDAE,0.065868263,0.035928144,0.071856287,0.041916168,0.005988024,0.125748503,0.035928144,0.05988024,0.02994012,0.047904192,0.083832335,0.053892216,0.017964072,0.065868263,0.017964072,0.05988024,0.095808383,0.005988024,0.023952096,0.053892216,8
tr|K1R7G1|K1R7G1_CRAGI,0.06,0.06,0.035,0.055,0.01,0.08,0.06,0.04,0.035,0.04,0.09,0.08,0.075,0.035,0.05,0.06,0.04,0.02,0.015,0.06,8
tr|K1QT48|K1QT48_CRAGI,0.035353535,0.060606061,0.060606061,0.080808081,0.02020202,0.070707071,0.035353535,0.03030303,0.050505051,0.070707071,0.116161616,0.045454545,0.035353535,0.04040404,0.04040404,0.075757576,0.03030303,0.015151515,0.015151515,0.070707071,8
tr|S7MKD7|S7MKD7_MYOBR,0.079470199,0.072847682,0.013245033,0.046357616,0.01986755,0.086092715,0.039735099,0.059602649,0.01986755,0.01986755,0.139072848,0.026490066,0.026490066,0.039735099,0.059602649,0.086092715,0.033112583,0.01986755,0.033112583,0.079470199,8
tr|A0A3B5R106|A0A3B5R106_XIPMA,0.05625,0.03125,0.0375,0.06875,0.01875,0.05,0.0375,0.0625,0.0375,0.025,0.14375,0.05625,0.04375,0.0375,0.025,0.1,0.0375,0.01875,0.025,0.0875,8
tr|A0A3B4ZZ15|A0A3B4ZZ15_9TELE,0.075471698,0.031446541,0.044025157,0.062893082,0.018867925,0.050314465,0.037735849,0.06918239,0.037735849,0.018867925,0.144654088,0.050314465,0.037735849,0.037735849,0.025157233,0.100628931,0.031446541,0.018867925,0.025157233,0.081761006,8
tr|A0A0F8BQV4|A0A0F8BQV4_LARCR,0.113300493,0.083743842,0.014778325,0.054187192,0.014778325,0.098522167,0.039408867,0.049261084,0.024630542,0.049261084,0.093596059,0.064039409,0.02955665,0.044334975,0.02955665,0.0591133,0.02955665,0.014778325,0.039408867,0.054187192,8
tr|A0A3B3Y9D7|A0A3B3Y9D7_9TELE,0.0625,0.03125,0.0375,0.06875,0.01875,0.05625,0.0375,0.0625,0.0375,0.025,0.14375,0.05625,0.04375,0.0375,0.025,0.1,0.03125,0.01875,0.025,0.08125,8
tr|K1QF07|K1QF07_CRAGI,0.050314465,0.025157233,0.044025157,0.100628931,0.006289308,0.050314465,0.025157233,0.06918239,0.044025157,0.031446541,0.100628931,0.075471698,0.031446541,0.06918239,0.031446541,0.081761006,0.050314465,0.012578616,0.025157233,0.075471698,8
tr|A0A194RIW1|A0A194RIW1_PAPMA,0.072916667,0.03125,0.036458333,0.046875,0.010416667,0.088541667,0.046875,0.057291667,0.036458333,0.057291667,0.09375,0.078125,0.026041667,0.067708333,0.046875,0.052083333,0.078125,0.005208333,0.020833333,0.046875,8
tr|G3H648|G3H648_CRIGR,0.06097561,0.067073171,0.018292683,0.042682927,0.012195122,0.085365854,0.042682927,0.054878049,0.018292683,0.018292683,0.152439024,0.024390244,0.030487805,0.042682927,0.054878049,0.109756098,0.042682927,0.018292683,0.030487805,0.073170732,8
tr|K1Q9R1|K1Q9R1_CRAGI,0.030567686,0.074235808,0.030567686,0.074235808,0.021834061,0.052401747,0.026200873,0.03930131,0.021834061,0.074235808,0.082969432,0.087336245,0.052401747,0.056768559,0.048034934,0.07860262,0.061135371,0.008733624,0.026200873,0.052401747,8
tr|A0A194QMD0|A0A194QMD0_PAPXU,0.067708333,0.03125,0.036458333,0.046875,0.010416667,0.088541667,0.046875,0.057291667,0.036458333,0.057291667,0.09375,0.078125,0.026041667,0.067708333,0.046875,0.057291667,0.078125,0.005208333,0.020833333,0.046875,8
tr|A0A194QGJ9|A0A194QGJ9_PAPXU,0.107692308,0.046153846,0.046153846,0.041025641,0.015384615,0.087179487,0.030769231,0.076923077,0.020512821,0.066666667,0.087179487,0.071794872,0.030769231,0.051282051,0.051282051,0.030769231,0.066666667,0.01025641,0.035897436,0.025641026,8
tr|A0A3B4E304|A0A3B4E304_PYGNA,0.06918239,0.025157233,0.044025157,0.044025157,0.018867925,0.06918239,0.025157233,0.06918239,0.037735849,0.025157233,0.144654088,0.075471698,0.037735849,0.037735849,0.025157233,0.06918239,0.050314465,0.018867925,0.025157233,0.088050314,8
tr|A0A3B4TBX8|A0A3B4TBX8_SERDU,0.075471698,0.031446541,0.037735849,0.056603774,0.018867925,0.056603774,0.037735849,0.06918239,0.037735849,0.025157233,0.144654088,0.056603774,0.037735849,0.037735849,0.025157233,0.100628931,0.031446541,0.018867925,0.025157233,0.075471698,8
tr|A0A3B4Y4H4|A0A3B4Y4H4_SERLL,0.075471698,0.031446541,0.037735849,0.056603774,0.018867925,0.056603774,0.037735849,0.06918239,0.037735849,0.025157233,0.144654088,0.056603774,0.037735849,0.037735849,0.025157233,0.100628931,0.031446541,0.018867925,0.025157233,0.075471698,8
tr|A0A165A3A2|A0A165A3A2_9CRUS,0.110619469,0.03539823,0.026548673,0.061946903,0,0.061946903,0.039823009,0.061946903,0.030973451,0.048672566,0.119469027,0.07079646,0.039823009,0.030973451,0.044247788,0.079646018,0.057522124,0.013274336,0.013274336,0.053097345,8
tr|A0A210Q3Q0|A0A210Q3Q0_MIZYE,0.043715847,0.038251366,0.054644809,0.071038251,0.005464481,0.06557377,0.054644809,0.043715847,0.038251366,0.049180328,0.120218579,0.081967213,0.043715847,0.027322404,0.038251366,0.049180328,0.043715847,0.021857923,0.032786885,0.076502732,8
tr|A0A1E7F9P8|A0A1E7F9P8_9STRA,0.041420118,0.047337278,0.029585799,0.094674556,0.00591716,0.065088757,0.029585799,0.035502959,0.00591716,0.071005917,0.106508876,0.076923077,0.029585799,0.059171598,0.023668639,0.100591716,0.047337278,0.01183432,0.041420118,0.076923077,8
tr|A0A3B3E0C3|A0A3B3E0C3_ORYME,0.075471698,0.025157233,0.050314465,0.062893082,0.018867925,0.056603774,0.037735849,0.06918239,0.031446541,0.025157233,0.144654088,0.056603774,0.037735849,0.037735849,0.018867925,0.100628931,0.031446541,0.018867925,0.025157233,0.075471698,8
tr|A0A3B5LPQ8|A0A3B5LPQ8_9TELE,0.061728395,0.024691358,0.037037037,0.067901235,0.018518519,0.049382716,0.049382716,0.061728395,0.037037037,0.024691358,0.148148148,0.055555556,0.043209877,0.037037037,0.024691358,0.092592593,0.037037037,0.018518519,0.024691358,0.086419753,8
tr|A0A3B3IDP3|A0A3B3IDP3_ORYLA,0.075675676,0.032432432,0.059459459,0.054054054,0.021621622,0.048648649,0.037837838,0.064864865,0.032432432,0.032432432,0.145945946,0.054054054,0.032432432,0.032432432,0.016216216,0.102702703,0.032432432,0.016216216,0.032432432,0.075675676,8
tr|A0A3B3UNJ9|A0A3B3UNJ9_9TELE,0.061728395,0.024691358,0.037037037,0.067901235,0.018518519,0.055555556,0.043209877,0.061728395,0.037037037,0.024691358,0.148148148,0.055555556,0.043209877,0.043209877,0.024691358,0.098765432,0.030864198,0.018518519,0.024691358,0.080246914,8
tr|A0A3B4HAL0|A0A3B4HAL0_9CICH,0.081761006,0.031446541,0.037735849,0.06918239,0.012578616,0.06918239,0.037735849,0.056603774,0.037735849,0.018867925,0.144654088,0.050314465,0.044025157,0.037735849,0.031446541,0.081761006,0.037735849,0.012578616,0.031446541,0.075471698,8
tr|A0A3B3R9U0|A0A3B3R9U0_9TELE,0.075471698,0.025157233,0.037735849,0.056603774,0.006289308,0.075471698,0.050314465,0.062893082,0.031446541,0.018867925,0.144654088,0.050314465,0.037735849,0.031446541,0.018867925,0.113207547,0.031446541,0.018867925,0.031446541,0.081761006,8
tr|A0A091CWZ2|A0A091CWZ2_FUKDA,0.086092715,0.059602649,0.006622517,0.039735099,0.01986755,0.092715232,0.033112583,0.066225166,0.01986755,0.01986755,0.139072848,0.033112583,0.026490066,0.046357616,0.059602649,0.099337748,0.033112583,0.01986755,0.026490066,0.072847682,8
tr|A0A164NQG5|A0A164NQG5_9CRUS,0.073891626,0.039408867,0.049261084,0.039408867,0.004926108,0.083743842,0.078817734,0.064039409,0.024630542,0.044334975,0.093596059,0.064039409,0.024630542,0.039408867,0.024630542,0.093596059,0.049261084,0.009852217,0.039408867,0.0591133,8
tr|A0A195BJ91|A0A195BJ91_9HYME,0.058139535,0.052325581,0.029069767,0.069767442,0.005813953,0.093023256,0.034883721,0.046511628,0.029069767,0.069767442,0.098837209,0.104651163,0.034883721,0.058139535,0.023255814,0.058139535,0.063953488,0.005813953,0.023255814,0.040697674,8
tr|A0A210PFA6|A0A210PFA6_MIZYE,0.04845815,0.057268722,0.061674009,0.079295154,0.013215859,0.092511013,0.039647577,0.030837004,0.026431718,0.074889868,0.066079295,0.074889868,0.022026432,0.04845815,0.035242291,0.026431718,0.101321586,0.004405286,0.022026432,0.074889868,8
tr|A0A195DEK9|A0A195DEK9_9HYME,0.052325581,0.063953488,0.029069767,0.069767442,0,0.098837209,0.029069767,0.046511628,0.029069767,0.069767442,0.098837209,0.098837209,0.034883721,0.058139535,0.029069767,0.052325581,0.069767442,0.005813953,0.023255814,0.040697674,8
tr|A0A195CUE0|A0A195CUE0_9HYME,0.054545455,0.036363636,0.03030303,0.066666667,0.006060606,0.115151515,0.03030303,0.042424242,0.03030303,0.054545455,0.096969697,0.103030303,0.03030303,0.054545455,0.03030303,0.072727273,0.066666667,0.012121212,0.024242424,0.042424242,8
tr|A0A194RMQ1|A0A194RMQ1_PAPMA,0.053892216,0.047904192,0.053892216,0.041916168,0,0.101796407,0.02994012,0.065868263,0.02994012,0.077844311,0.083832335,0.05988024,0.017964072,0.065868263,0.041916168,0.041916168,0.077844311,0.011976048,0.035928144,0.05988024,8
tr|A0A210QE49|A0A210QE49_MIZYE,0.074534161,0.02484472,0.01863354,0.043478261,0.00621118,0.086956522,0.031055901,0.111801242,0.01863354,0.02484472,0.105590062,0.080745342,0.031055901,0.043478261,0.031055901,0.074534161,0.068322981,0.01242236,0.031055901,0.080745342,8
tr|A0A210PL01|A0A210PL01_MIZYE,0.037837838,0.043243243,0.005405405,0.048648649,0.016216216,0.102702703,0.032432432,0.054054054,0.027027027,0.059459459,0.108108108,0.081081081,0.048648649,0.037837838,0.054054054,0.091891892,0.059459459,0.016216216,0.021621622,0.054054054,8
tr|A0A1E7EZD4|A0A1E7EZD4_9STRA,0.054545455,0.024242424,0.024242424,0.078787879,0.024242424,0.066666667,0.006060606,0.054545455,0.018181818,0.054545455,0.115151515,0.103030303,0.054545455,0.072727273,0.036363636,0.048484848,0.072727273,0.018181818,0.03030303,0.042424242,8
tr|A0A0Q3PR64|A0A0Q3PR64_AMAAE,0.063291139,0.037974684,0.018987342,0.050632911,0.03164557,0.082278481,0.063291139,0.056962025,0.037974684,0.018987342,0.139240506,0.050632911,0.03164557,0.044303797,0.044303797,0.075949367,0.025316456,0.018987342,0.025316456,0.082278481,8
tr|A0A0V1JBX2|A0A0V1JBX2_TRIPS,0.084158416,0.034653465,0.089108911,0.044554455,0.014851485,0.079207921,0.059405941,0.02970297,0.00990099,0.03960396,0.094059406,0.084158416,0.01980198,0.069306931,0.02970297,0.089108911,0.03960396,0.00990099,0.024752475,0.054455446,8
tr|A0A0V1E528|A0A0V1E528_TRIPS,0.064039409,0.044334975,0.068965517,0.064039409,0.014778325,0.078817734,0.044334975,0.024630542,0.014778325,0.024630542,0.093596059,0.083743842,0.024630542,0.083743842,0.02955665,0.098522167,0.054187192,0.004926108,0.024630542,0.0591133,8
tr|A0A0V0U179|A0A0V0U179_9BILA,0.084158416,0.02970297,0.089108911,0.044554455,0.014851485,0.079207921,0.064356436,0.02970297,0.00990099,0.034653465,0.094059406,0.084158416,0.024752475,0.069306931,0.02970297,0.089108911,0.03960396,0.00990099,0.024752475,0.054455446,8
tr|A0A0V1HHL6|A0A0V1HHL6_9BILA,0.084158416,0.02970297,0.089108911,0.044554455,0.014851485,0.079207921,0.064356436,0.02970297,0.00990099,0.034653465,0.094059406,0.084158416,0.024752475,0.069306931,0.02970297,0.089108911,0.03960396,0.00990099,0.024752475,0.054455446,8
tr|A0A0V0ZSF9|A0A0V0ZSF9_9BILA,0.084158416,0.02970297,0.089108911,0.044554455,0.014851485,0.079207921,0.064356436,0.02970297,0.00990099,0.034653465,0.094059406,0.084158416,0.024752475,0.069306931,0.02970297,0.089108911,0.03960396,0.00990099,0.024752475,0.054455446,8
tr|A0A0P6B1R4|A0A0P6B1R4_9CRUS,0.109375,0.03515625,0.03515625,0.0546875,0.0078125,0.0546875,0.03515625,0.078125,0.03515625,0.04296875,0.1171875,0.07421875,0.04296875,0.02734375,0.0390625,0.0703125,0.05859375,0.01171875,0.01953125,0.05078125,8
tr|A0A0V0RPY5|A0A0V0RPY5_9BILA,0.075471698,0.045283019,0.075471698,0.056603774,0.018867925,0.064150943,0.067924528,0.018867925,0.00754717,0.026415094,0.098113208,0.086792453,0.022641509,0.071698113,0.030188679,0.090566038,0.060377358,0.011320755,0.026415094,0.045283019,8
tr|A0A0V0RPX1|A0A0V0RPX1_9BILA,0.065656566,0.045454545,0.060606061,0.065656566,0.015151515,0.080808081,0.045454545,0.025252525,0.01010101,0.02020202,0.095959596,0.080808081,0.03030303,0.085858586,0.025252525,0.095959596,0.065656566,0.005050505,0.025252525,0.055555556,8
tr|A0A0P5J1V4|A0A0P5J1V4_9CRUS,0.115044248,0.03539823,0.026548673,0.061946903,0,0.061946903,0.039823009,0.057522124,0.030973451,0.048672566,0.119469027,0.07079646,0.039823009,0.030973451,0.044247788,0.079646018,0.057522124,0.013274336,0.013274336,0.053097345,8
tr|A0A0P6I764|A0A0P6I764_9CRUS,0.12704918,0.032786885,0.024590164,0.057377049,0,0.06147541,0.040983607,0.053278689,0.028688525,0.049180328,0.110655738,0.069672131,0.040983607,0.032786885,0.049180328,0.077868852,0.06557377,0.012295082,0.012295082,0.053278689,8
tr|A0A0V0XY81|A0A0V0XY81_TRIPS,0.084158416,0.034653465,0.084158416,0.04950495,0.014851485,0.079207921,0.059405941,0.02970297,0.00990099,0.03960396,0.094059406,0.084158416,0.01980198,0.069306931,0.02970297,0.089108911,0.03960396,0.00990099,0.024752475,0.054455446,8
tr|A0A0V1CS66|A0A0V1CS66_TRIBR,0.084158416,0.02970297,0.089108911,0.044554455,0.014851485,0.079207921,0.064356436,0.02970297,0.00990099,0.034653465,0.094059406,0.084158416,0.024752475,0.069306931,0.02970297,0.089108911,0.03960396,0.00990099,0.024752475,0.054455446,8
tr|A0A0V1L739|A0A0V1L739_9BILA,0.084158416,0.02970297,0.094059406,0.044554455,0.014851485,0.079207921,0.064356436,0.02970297,0.00990099,0.034653465,0.094059406,0.084158416,0.024752475,0.069306931,0.02970297,0.084158416,0.03960396,0.00990099,0.024752475,0.054455446,8
tr|A0A0B2VCF5|A0A0B2VCF5_TOXCA,0.049822064,0.06405694,0.049822064,0.06405694,0.046263345,0.042704626,0.021352313,0.039145907,0.014234875,0.056939502,0.078291815,0.071174377,0.024911032,0.046263345,0.049822064,0.110320285,0.039145907,0.021352313,0.046263345,0.06405694,8
tr|A0A0V0WYA5|A0A0V0WYA5_9BILA,0.0591133,0.044334975,0.068965517,0.064039409,0.014778325,0.078817734,0.044334975,0.024630542,0.014778325,0.019704433,0.093596059,0.083743842,0.02955665,0.083743842,0.02955665,0.103448276,0.054187192,0.004926108,0.024630542,0.0591133,8
tr|A0A0V0WYW4|A0A0V0WYW4_9BILA,0.069090909,0.043636364,0.08,0.054545455,0.018181818,0.061818182,0.069090909,0.021818182,0.010909091,0.025454545,0.094545455,0.087272727,0.021818182,0.069090909,0.032727273,0.101818182,0.050909091,0.010909091,0.025454545,0.050909091,8
tr|G7YFM1|G7YFM1_CLOSI,0.065693431,0.054744526,0.025547445,0.058394161,0.01459854,0.080291971,0.032846715,0.054744526,0.02919708,0.040145985,0.105839416,0.054744526,0.04379562,0.051094891,0.04379562,0.098540146,0.051094891,0.010948905,0.025547445,0.058394161,8
tr|A0A369S6Z8|A0A369S6Z8_9METZ,0.048648649,0.048648649,0.043243243,0.048648649,0.005405405,0.075675676,0.027027027,0.037837838,0.037837838,0.086486486,0.102702703,0.097297297,0.032432432,0.064864865,0.037837838,0.064864865,0.037837838,0.010810811,0.032432432,0.059459459,8
tr|A0A369SPB4|A0A369SPB4_9METZ,0.059782609,0.032608696,0.048913043,0.065217391,0.005434783,0.054347826,0.076086957,0.048913043,0.038043478,0.038043478,0.108695652,0.070652174,0.02173913,0.038043478,0.054347826,0.048913043,0.092391304,0.010869565,0.016304348,0.070652174,8
tr|A0A369S4H4|A0A369S4H4_9METZ,0.067039106,0.05027933,0.061452514,0.055865922,0.011173184,0.05027933,0.05027933,0.039106145,0.039106145,0.072625698,0.067039106,0.094972067,0.033519553,0.061452514,0.011173184,0.078212291,0.05027933,0.016759777,0.027932961,0.061452514,8
tr|A0A210PPW3|A0A210PPW3_MIZYE,0.079831933,0.033613445,0.042016807,0.037815126,0.025210084,0.084033613,0.046218487,0.067226891,0.033613445,0.071428571,0.079831933,0.088235294,0.033613445,0.054621849,0.012605042,0.067226891,0.067226891,0.012605042,0.016806723,0.046218487,8
tr|A0A210QWK1|A0A210QWK1_MIZYE,0.053398058,0.072815534,0.04368932,0.063106796,0.014563107,0.067961165,0.029126214,0.077669903,0.038834951,0.048543689,0.087378641,0.04368932,0.058252427,0.029126214,0.019417476,0.09223301,0.058252427,0.019417476,0.019417476,0.063106796,8
tr|A0A210PW06|A0A210PW06_MIZYE,0.041474654,0.046082949,0.055299539,0.041474654,0.01843318,0.092165899,0.032258065,0.036866359,0.036866359,0.059907834,0.092165899,0.078341014,0.041474654,0.069124424,0.032258065,0.078341014,0.064516129,0.013824885,0.01843318,0.050691244,8
tr|A0A210QIU4|A0A210QIU4_MIZYE,0.063218391,0.040229885,0.022988506,0.034482759,0.011494253,0.091954023,0.057471264,0.068965517,0.022988506,0.034482759,0.114942529,0.068965517,0.063218391,0.051724138,0.017241379,0.086206897,0.034482759,0.017241379,0.022988506,0.074712644,8
tr|A0A210QDN4|A0A210QDN4_MIZYE,0.036649215,0.031413613,0.047120419,0.073298429,0.015706806,0.094240838,0.02617801,0.041884817,0.020942408,0.094240838,0.062827225,0.062827225,0.02617801,0.073298429,0.02617801,0.068062827,0.057591623,0.015706806,0.02617801,0.09947644,8
tr|A0A2I0U6U4|A0A2I0U6U4_LIMLA,0.055900621,0.049689441,0.01863354,0.043478261,0.031055901,0.086956522,0.043478261,0.074534161,0.02484472,0.01863354,0.155279503,0.049689441,0.031055901,0.043478261,0.043478261,0.086956522,0.02484472,0.01863354,0.02484472,0.074534161,8
tr|A0A0P5WQD9|A0A0P5WQD9_9CRUS,0.093167702,0.037267081,0.031055901,0.074534161,0,0.062111801,0.043478261,0.055900621,0.043478261,0.049689441,0.118012422,0.086956522,0.031055901,0.037267081,0.031055901,0.062111801,0.043478261,0.00621118,0.01863354,0.074534161,8
tr|A0A2R5LCD5|A0A2R5LCD5_9ACAR,0.083333333,0.075757576,0.037878788,0.090909091,0.007575758,0.098484848,0.045454545,0.053030303,0.037878788,0.037878788,0.113636364,0.083333333,0.045454545,0.053030303,0.022727273,0.007575758,0.022727273,0.022727273,0.015151515,0.045454545,8
tr|A0A224YUN8|A0A224YUN8_9ACAR,0.098445596,0.098445596,0.015544041,0.046632124,0.005181347,0.07253886,0.088082902,0.056994819,0.015544041,0.020725389,0.134715026,0.031088083,0.031088083,0.051813472,0.041450777,0.046632124,0.041450777,0.020725389,0.020725389,0.062176166,8
tr|A0A226EVX4|A0A226EVX4_FOLCA,0.119266055,0.055045872,0.04587156,0.041284404,0.004587156,0.091743119,0.032110092,0.096330275,0.013761468,0.055045872,0.077981651,0.068807339,0.027522936,0.055045872,0.036697248,0.055045872,0.055045872,0.009174312,0.02293578,0.036697248,8
tr|A0A0P5LPJ3|A0A0P5LPJ3_9CRUS,0.113043478,0.034782609,0.026086957,0.060869565,0,0.060869565,0.039130435,0.056521739,0.030434783,0.047826087,0.126086957,0.073913043,0.039130435,0.030434783,0.043478261,0.082608696,0.056521739,0.013043478,0.013043478,0.052173913,8
tr|A0A0P5XXB0|A0A0P5XXB0_9CRUS,0.103174603,0.055555556,0.015873016,0.051587302,0,0.067460317,0.051587302,0.043650794,0.031746032,0.043650794,0.134920635,0.067460317,0.03968254,0.031746032,0.051587302,0.079365079,0.051587302,0.015873016,0.011904762,0.051587302,8
tr|A0A0V0V5H6|A0A0V0V5H6_9BILA,0.084158416,0.02970297,0.089108911,0.044554455,0.014851485,0.079207921,0.064356436,0.02970297,0.00990099,0.034653465,0.094059406,0.084158416,0.024752475,0.069306931,0.02970297,0.089108911,0.03960396,0.00990099,0.024752475,0.054455446,8
tr|A0A210PPT9|A0A210PPT9_MIZYE,0.104166667,0.041666667,0.052083333,0.046875,0.015625,0.057291667,0.052083333,0.067708333,0.036458333,0.052083333,0.083333333,0.072916667,0.036458333,0.057291667,0.015625,0.057291667,0.0625,0.015625,0.015625,0.057291667,8
tr|A0A0P5W3Y6|A0A0P5W3Y6_9CRUS,0.074418605,0.037209302,0.03255814,0.046511628,0.018604651,0.055813953,0.046511628,0.065116279,0.03255814,0.037209302,0.102325581,0.074418605,0.03255814,0.03255814,0.046511628,0.088372093,0.065116279,0.027906977,0.013953488,0.069767442,8
